raw_entity_id,raw_entity_name,proposed_normalized_entity_id,proposed_normalized_entity_name,confidence,source_count,total_amount,sample_source_files,sample_invoice_numbers,review_status,reviewer_notes
"24f4f544-26cb-462e-9330-62faafd890be","العالمية للفواكة","24f4f544-26cb-462e-9330-62faafd890be","العالمية للفواكة","Medium",5,490.00,"ca01d59e-caa5-4762-90c4-bd5ce23525c5;28d7024d-3987-4928-a347-63d13667419b","292;281","Pending",""
"92469e24-f287-49e8-b481-9f51747e7f7f","العالمية للفواكة","24f4f544-26cb-462e-9330-62faafd890be","العالمية للفواكة","Medium",5,490.00,"57f514ce-072c-4244-b302-77ac7455b843;02a044ab-dab7-48ed-b3d9-a79a89a3815d","292;281","Pending",""
"c2679754-9189-4410-a371-37145cc3e7a8","الوادي للدواجن","c2679754-9189-4410-a371-37145cc3e7a8","الوادي للدواجن","Medium",2,991.20,"1c77afb4-e1ca-4018-9c96-08a610768738;eb1ea75f-fc62-45f1-a0ad-aedc013dba0a","2517;2573","Pending",""
"46c0b6c5-9c25-4a6f-b0cc-9e6b1bf74969","الوادي للدواجن","c2679754-9189-4410-a371-37145cc3e7a8","الوادي للدواجن","Medium",2,991.20,"09d74f74-9a8d-408d-b5cd-15f26277414c;1ff951fa-e334-4a0a-9978-bd17ca658418","2517;2573","Pending",""
"8c6aaa77-29e4-452b-bc1e-630ed27f4adc","موسسة منارة البلاد","8c6aaa77-29e4-452b-bc1e-630ed27f4adc","موسسة منارة البلاد","Medium",1,30.00,"a30a4726-6b37-482f-b6f5-0a7905995eea","5943","Pending",""
"368b9859-5287-4532-970f-3407897e6f3b","موسسة منارة البلاد","8c6aaa77-29e4-452b-bc1e-630ed27f4adc","موسسة منارة البلاد","Medium",1,30.00,"7fc869c5-219d-483e-9d35-00528ff3a4ce","5943","Pending",""
"547d7386-fa95-43a0-9b8d-3af852f6e11e","sfaqat","547d7386-fa95-43a0-9b8d-3af852f6e11e","sfaqat","Medium",8,10150.44,"aefbc79f-a978-4083-ad01-74b6cf935e82;6aa6ceff-5f01-49ce-abee-3414851ac0eb","25005000310;250051","Pending",""
"99c5f18a-a9dc-457d-bc7a-af661029b855","SFAQAT","547d7386-fa95-43a0-9b8d-3af852f6e11e","sfaqat","Medium",4,4718.47,"159f74a6-8a2f-4145-a09d-08d3273593cb;2ffb0ddf-9261-4f46-a35a-efc85b64663b","25007;250010","Pending",""
"33ae459b-0360-4867-8e18-2e4a44c31c30","sfaqat","547d7386-fa95-43a0-9b8d-3af852f6e11e","sfaqat","Medium",8,10150.44,"e9d40bd2-a350-4a08-8da8-f49768af86d8;414a920f-7bf8-43d5-9074-b41aabf23430","25005000310;250051","Pending",""
"d13763fa-7e61-4b60-bd2a-ba7e97eb72d3","SFAQAT","547d7386-fa95-43a0-9b8d-3af852f6e11e","sfaqat","Medium",2,4537.61,"ac6e34d6-aeaf-4bb9-a5fa-fae4a6a02a11;e46a0716-feed-472d-a674-35e3c68ad426","25009;250050050774","Pending",""
"e7f0b9fa-1226-42f9-86d2-87148988c93e","اسواق الحمود المركزية","e7f0b9fa-1226-42f9-86d2-87148988c93e","اسواق الحمود المركزية","Medium",1,209.57,"eccf4d51-fc51-494b-9f91-6793743d5aad","103","Pending",""
"911d0841-5d8c-4bcb-9968-bc21c5fea5bc","اسواق الحمود المركزية","e7f0b9fa-1226-42f9-86d2-87148988c93e","اسواق الحمود المركزية","Medium",1,209.57,"1fc84d16-2d78-4c1f-8b5f-d60ba49d0fb7","103","Pending",""
"0b1ec3ed-ce83-4edc-bbf9-b8dc2175815f","othaim","0b1ec3ed-ce83-4edc-bbf9-b8dc2175815f","othaim","Medium",33,11122.42,"7969e6f2-fdee-4b03-a3c7-3a9c5094ce44;0939fd37-eb8a-48d4-9197-8ed2530cec56","6-370-101-184;6-368-102-239","Pending",""
"79c980ba-8acd-44b7-99cc-9f9a9c9cd8ad","othaim","0b1ec3ed-ce83-4edc-bbf9-b8dc2175815f","othaim","Medium",31,10303.20,"2a221516-68db-4d65-8a75-615ce7f6db23;70c42f1e-bc94-4026-94f9-3f5b23ab00b6","6-370-101-184;6-368-102-239","Pending",""
"f336b222-58b4-4f46-bd5f-1f50b38ea12d","المعيذر","f336b222-58b4-4f46-bd5f-1f50b38ea12d","المعيذر","Medium",3,1144.78,"4dc0820e-c087-4deb-a4c4-c20baf6971ef;d673621d-86fa-485f-a8c1-35c9a3c5d6df","59;180","Pending",""
"8d4581b5-a8cb-424c-8499-291bf97728fd","المعيذر","f336b222-58b4-4f46-bd5f-1f50b38ea12d","المعيذر","Medium",3,1144.78,"889bdc14-15fa-499f-bdc5-d9d01157e321;b45f538d-c7bb-46cf-87d9-1dc463bca421","59;180","Pending",""
"272bc1b7-a21b-4fa1-bc64-22b8564bdf4d","صدقة المحل","272bc1b7-a21b-4fa1-bc64-22b8564bdf4d","صدقة المحل","Medium",1,1500.00,"f34d0779-a6aa-4adc-aaaa-91c9e16e654a","","Pending",""
"7eb5a535-99da-4ec8-8b65-54090858c1e8","صدقة المحل","272bc1b7-a21b-4fa1-bc64-22b8564bdf4d","صدقة المحل","Medium",1,1500.00,"e50c037f-de3b-489e-86f2-7a1d64994d77","","Pending",""
"ee843b2c-42f3-4dbc-a65d-20f8153d75ed","SLAM INTERNET","ee843b2c-42f3-4dbc-a65d-20f8153d75ed","SLAM INTERNET","Medium",1,1497.00,"ae16caa4-1bd8-434e-8ab9-36157adf3408","","Pending",""
"de5dbd05-1c00-4e77-b282-8bb92170adbf","SLAM INTERNET","ee843b2c-42f3-4dbc-a65d-20f8153d75ed","SLAM INTERNET","Medium",1,1497.00,"9a03aef0-29ab-424a-86f0-9b7310177994","","Pending",""
"0af0115f-c3fe-44ce-b511-77e4acf83834","شركة الكيف الشرقي للتجاره","0af0115f-c3fe-44ce-b511-77e4acf83834","شركة الكيف الشرقي للتجاره","Medium",2,234.22,"4fb08592-8276-4668-a85b-c51f41f427a8;210a7dde-8fbe-4e65-85db-1c9db42eab72","50056130;50057560","Pending",""
"591a24d6-1247-41ed-a2ea-264bc2eaa436","شركة الكيف الشرقي للتجاره","0af0115f-c3fe-44ce-b511-77e4acf83834","شركة الكيف الشرقي للتجاره","Medium",2,234.22,"d37d88f7-3212-4a99-bd1b-7b67a25a1fce;237f64af-8f05-43fe-b300-7521b4a98d0d","50056130;50057560","Pending",""
"12c93b6d-dddd-4672-b079-0ea68758c2fe","al wadi","12c93b6d-dddd-4672-b079-0ea68758c2fe","al wadi","Medium",2,1652.96,"27a903f8-f7f1-4a93-b25c-f76dc5bfe777;d5909a9f-7d18-469a-af9c-2197699cf1a8","2593;2639","Pending",""
"f41d51b5-934a-4085-b8ab-cc10810ab337","ALWADI","12c93b6d-dddd-4672-b079-0ea68758c2fe","al wadi","Medium",5,3537.12,"8c795512-018d-4d68-9d57-8637a2a2f6b1;8a72db59-59da-4415-8dca-f59df4a035d7","2546;2667","Pending",""
"17cffc45-6f03-48f0-810a-240eb4e6c479","al wadi","12c93b6d-dddd-4672-b079-0ea68758c2fe","al wadi","Medium",2,1652.96,"a2dcab37-ad28-4ca0-9ec9-fcaf9a407094;cf319c78-c6a1-47dd-9fa1-2c6aa5abcd63","2593;2639","Pending",""
"6078017b-015e-4bcf-8944-bb09574e937e","ALWADI","12c93b6d-dddd-4672-b079-0ea68758c2fe","al wadi","Medium",5,3537.12,"1c8ed56e-8db8-4158-8322-f7cb368db437;bbe9dc54-3eab-4240-8ebc-93d9a39a689b","2546;2667","Pending",""
"1d8e44d1-3a9e-41b6-b164-d764431ed942","nada","1d8e44d1-3a9e-41b6-b164-d764431ed942","nada","Medium",3,621.00,"eec848c1-7fab-48ba-be0c-4b02a444b87b;101f4854-5b8d-4996-a880-e0465d4896a5","","Pending",""
"a46abf9f-ffd5-4bab-bb86-ba909cc4d7f4","NADA","1d8e44d1-3a9e-41b6-b164-d764431ed942","nada","Medium",11,3095.00,"1c134c3a-8aa2-42ff-a80b-9334f621207c;40a8e802-fc2e-4954-bbca-e297a31639d0","9158;9377","Pending",""
"bc54bfdb-ce0d-4d89-97a8-148ef4108f4c","nada","1d8e44d1-3a9e-41b6-b164-d764431ed942","nada","Medium",3,621.00,"a6d216ee-f1d0-45d4-bfa4-007f41f09707;4009acfe-51a0-44ec-8360-cbe03a412cec","","Pending",""
"a1d9bdc8-b49a-44f3-a100-b2972b443a09","NADA","1d8e44d1-3a9e-41b6-b164-d764431ed942","nada","Medium",11,3095.00,"48600cee-d9bc-41e2-92ed-2413012ba805;e0e5adf3-5e1e-4ef5-a3b4-fab4ec0fc0f4","9158;9377","Pending",""
"3ac2ef2a-967a-4df8-8706-646b680328bc","danub","3ac2ef2a-967a-4df8-8706-646b680328bc","danub","Medium",17,4622.38,"d9b13550-7dee-4abb-b823-a14e74c1d59e;9af05195-8dcc-4b72-aa7f-bd3eb70d4bb8","9601;5590","Pending",""
"b5d6be0f-2c6e-403d-a9bd-684c418b1f52","DANUB","3ac2ef2a-967a-4df8-8706-646b680328bc","danub","Medium",12,4487.80,"9dae1e4d-61ee-43e2-8605-dd6bd859b22a;b5d74438-5ce9-4b7f-afe9-c0e3061468e2","4098;4097","Pending",""
"0de89d01-af65-4f30-9f9c-49be519ab1d0","danub","3ac2ef2a-967a-4df8-8706-646b680328bc","danub","Medium",17,4622.38,"d64418f3-a523-404d-8748-5143907a93c9;dd54e3fa-f30e-4b1e-ad00-449f0291960f","9601;5590","Pending",""
"2a32c142-f182-4b36-a463-802d89aa3615","DANUB","3ac2ef2a-967a-4df8-8706-646b680328bc","danub","Medium",10,3738.06,"05100804-d8da-42b9-92fc-1c93dc29f179;7766548a-777b-48bf-b870-fa7925c426bc","1693;2282","Pending",""
"c09c1334-1bdc-44d6-9814-980dbf4f9a33","قصر البلاستيك","c09c1334-1bdc-44d6-9814-980dbf4f9a33","قصر البلاستيك","Medium",13,1656.92,"555f966f-70f2-4853-b17d-2da346dd4d88;12d68c06-9389-4e29-93b9-8511ed2e30cb","403107;405626","Pending",""
"1f38e5b3-8265-4e1f-8114-c375da9d39a1","قصر البلاستيك","c09c1334-1bdc-44d6-9814-980dbf4f9a33","قصر البلاستيك","Medium",11,1376.92,"fc73ddea-bcee-4e18-904e-fe805dcd38a4;9d065162-c084-4876-9d2b-96ba3e2fbfe4","403107;405626","Pending",""
"0a925e4d-653c-469d-8637-365d499ca81b","CDC","0a925e4d-653c-469d-8637-365d499ca81b","CDC","Medium",9,4280.00,"a858e8db-278e-4dfc-bc0d-31bf0f868f19;155be23e-7cc4-4a43-a1c8-4ebe58d47ec7","S10109313;S10110159","Pending",""
"a5d8b2da-c600-4999-8286-55445fa48129","cdc","0a925e4d-653c-469d-8637-365d499ca81b","CDC","Medium",1,158.00,"929bd16a-3c35-452c-a1af-6dd27e070093","s10110881","Pending",""
"2c799ae6-3f8d-4819-abdc-8bcf374635bb","CDC","0a925e4d-653c-469d-8637-365d499ca81b","CDC","Medium",9,4280.00,"816bbf28-194b-4183-a667-b8cc90898f07;579c0bcb-9f30-49bd-ae80-4ac641862ebf","S10109313;S10110159","Pending",""
"ae6a13b8-2310-4458-94cf-2cc535b56df6","cdc","0a925e4d-653c-469d-8637-365d499ca81b","CDC","Medium",1,158.00,"f7ae7c7c-06f9-427a-b235-f4779ecfe837","s10110881","Pending",""
"8c46580b-7732-4ed5-94f7-e653017220f3","GULF CENTRAL","8c46580b-7732-4ed5-94f7-e653017220f3","GULF CENTRAL","Medium",7,14277.83,"9a69ccfe-f707-42da-afc8-d5b0db6e101b;e9ed222b-5d70-4136-8883-3b8a851fca2a","225;5710","Pending",""
"7fb1ab53-859e-4c43-984a-812bd8e58ab5","gulf central","8c46580b-7732-4ed5-94f7-e653017220f3","GULF CENTRAL","Medium",4,7700.00,"3fd82c0f-f59c-4200-9b20-5527151d7b0c;7bb09250-b90f-4c56-b669-6de42f907b9e","12480;13032","Pending",""
"3f5595ec-4973-4dc0-a785-912d60da0589","GULF CENTRAL","8c46580b-7732-4ed5-94f7-e653017220f3","GULF CENTRAL","Medium",7,14277.83,"fb2bf747-5807-4108-a467-e1889a1f1d2c;3710ec45-c84c-4f1e-b7da-7e71a850b469","225;5710","Pending",""
"8e74e78f-11d7-4425-a274-f478d7872df6","gulf central","8c46580b-7732-4ed5-94f7-e653017220f3","GULF CENTRAL","Medium",4,7700.00,"1a3fd194-b6de-41df-bac4-bd80b8d817d5;6f40ad82-6c37-41cd-b193-81ac2cf0ed00","12480;13032","Pending",""
"20b7b495-de63-4bbe-9d5f-c2e0459373e2","فهد المعيذر","20b7b495-de63-4bbe-9d5f-c2e0459373e2","فهد المعيذر","Medium",12,6763.70,"0d472a75-c94b-4e59-9278-31a0418cb922;2ff499bc-cf1c-49e8-97fa-785ad307b54f","2376;650","Pending",""
"3d745148-8ac6-4d4c-9b79-e85c5e4d98c4","فهد المعيذر","20b7b495-de63-4bbe-9d5f-c2e0459373e2","فهد المعيذر","Medium",12,6763.70,"34a61643-2907-4fc3-89c2-eeb11ff0ca54;c6f0d98a-bfdf-4a92-872b-210ca4483d6e","2376;650","Pending",""
"ae7a2589-09da-44d2-baf5-cdd091c456f9","TAXI","ae7a2589-09da-44d2-baf5-cdd091c456f9","TAXI","Medium",1,1000.00,"c4b97d41-8506-4334-bb2f-2c8ab753b481","CASH","Pending",""
"e56c86e8-56db-41d0-866b-beff78a9e16d","TAXI","ae7a2589-09da-44d2-baf5-cdd091c456f9","TAXI","Medium",1,1000.00,"4a884189-68ea-4c59-bc00-b17e76103f48","CASH","Pending",""
"6d40a11f-3a9b-4f6e-8efc-4e30e9f7ec41","مطبعة بصر","6d40a11f-3a9b-4f6e-8efc-4e30e9f7ec41","مطبعة بصر","Medium",2,908.69,"e28f2772-0cd6-4333-b42f-8569a745022d;cb182532-c9cb-46ab-83ea-977826af3fcb","2397;2521","Pending",""
"1f230fde-0020-4eff-b6bc-2b716d8f8805","مطبعة بصر","6d40a11f-3a9b-4f6e-8efc-4e30e9f7ec41","مطبعة بصر","Medium",2,908.69,"7de834ff-d05c-44fb-b3b2-d44ae6e7cd4e;4df8ece0-7065-4b54-bc78-b7c43a05e08e","2397;2521","Pending",""
"54f21422-4178-4b0f-b234-f46953fe68df","شركة المهندسين المحترفين","54f21422-4178-4b0f-b234-f46953fe68df","شركة المهندسين المحترفين","Medium",1,1200.00,"61aeea19-bd6c-4f24-8ff8-b6c662e6751a","314","Pending",""
"5332213b-94ba-4a25-bbc7-00fe35f860c3","شركة المهندسين المحترفين","54f21422-4178-4b0f-b234-f46953fe68df","شركة المهندسين المحترفين","Medium",1,1200.00,"42397bb9-2611-4fdc-8faf-1c1c23f40eaa","314","Pending",""
"e67cecb8-c34a-4a35-b5fd-1ed6ddc0ffdd","شركة رالي اكسبرس لخدمات السيارات","e67cecb8-c34a-4a35-b5fd-1ed6ddc0ffdd","شركة رالي اكسبرس لخدمات السيارات","Medium",2,204.35,"8836751a-110e-4e26-9873-0488faee1092;bc16a98e-e8d4-460f-91bb-d0e796cad3d3","20002066;20002714","Pending",""
"de1e3844-92b5-48c9-9a6c-17ecd59785df","شركة رالي اكسبرس لخدمات السيارات","e67cecb8-c34a-4a35-b5fd-1ed6ddc0ffdd","شركة رالي اكسبرس لخدمات السيارات","Medium",1,108.70,"703d9e26-318c-4233-9460-89f183ad91f8","20002066","Pending",""
"f17fc5f4-c6cf-4dcd-b8e1-5d8a1d9679ed","مشتل بيت الريحان الزراعية","f17fc5f4-c6cf-4dcd-b8e1-5d8a1d9679ed","مشتل بيت الريحان الزراعية","Medium",5,300.00,"0effab0f-98c8-45e3-83dd-e96e1d0f6289;4b2fe600-956a-463a-9148-cd18bec8de3a","673;192","Pending",""
"eda75b1b-fa4a-450a-8b65-15ac74781062","مشتل بيت الريحان الزراعية","f17fc5f4-c6cf-4dcd-b8e1-5d8a1d9679ed","مشتل بيت الريحان الزراعية","Medium",5,300.00,"f7d61b42-a456-404c-ac42-527ec6955ad8;428b0771-eaf5-4b00-be9c-e7898fe125e4","673;192","Pending",""
"e5a6917c-527d-4462-9256-fc5e7a6d1d81","الوادي","e5a6917c-527d-4462-9256-fc5e7a6d1d81","الوادي","Medium",2,1387.68,"25c6aef1-e520-4e75-9809-e7f01f12f170;ef4f2cac-7bf2-469a-bb58-c4e342bb9697","2677;2691","Pending",""
"ee206255-be2b-432d-a5eb-ff4ca0886739","الوادي","e5a6917c-527d-4462-9256-fc5e7a6d1d81","الوادي","Medium",2,1387.68,"f9b9ea18-3bc5-4627-bae6-ce7476948b9b;a177a7c1-d27b-46e2-84ea-05057aeb102b","2677;2691","Pending",""
"1032885c-2fe2-4854-b040-42b74e29eff6","العالمية","1032885c-2fe2-4854-b040-42b74e29eff6","العالمية","Medium",1,100.00,"216153ea-ab3f-4302-be96-63670d9305c7","1209","Pending",""
"cb3dbf57-5cf5-43e5-bf12-aa692507b4a7","العالمية","1032885c-2fe2-4854-b040-42b74e29eff6","العالمية","Medium",1,100.00,"d402ee54-aa9e-4cf9-a2a8-ac8f5b0cd94c","1209","Pending",""
"139562a0-0d00-43a3-8816-b9cd9765ae8e","perfect chef","139562a0-0d00-43a3-8816-b9cd9765ae8e","perfect chef","Medium",6,12120.00,"3ef03352-4d6d-42b8-9a38-7f783d531934;fe01b326-c6a7-4986-a774-fa7bc21d2c73","19186;19318","Pending",""
"55f6b7aa-09df-4da6-98f4-13f377d05840","PERFECT CHEF","139562a0-0d00-43a3-8816-b9cd9765ae8e","perfect chef","Medium",16,29790.00,"978c579f-77c8-47e8-8215-f801d74004f7;e2ca3d93-197d-4b39-a45c-f32847c50ea6","21024;21314","Pending",""
"3ff1eb11-a92f-4201-a5e5-b1d55c9479ee","perfect chef","139562a0-0d00-43a3-8816-b9cd9765ae8e","perfect chef","Medium",6,12120.00,"a172be37-b9d1-4f55-bc40-2ffdb573014b;16630bc6-f05e-40fa-8f2e-40e1f3ede9dd","19186;19318","Pending",""
"17babc9c-49e8-4e1b-92f0-d3f07cde0362","PERFECT CHEF","139562a0-0d00-43a3-8816-b9cd9765ae8e","perfect chef","Medium",16,29790.00,"806d5cd5-a898-49f6-b621-0411b59276dc;f983ea77-9854-4275-9051-ee5920016666","21024;21314","Pending",""
"61fd7e38-42c6-4691-9ffa-7ad4d9ed43c6","البابطين الغذائية","61fd7e38-42c6-4691-9ffa-7ad4d9ed43c6","البابطين الغذائية","Medium",6,1928.66,"988cce85-c8ed-4f0c-b5bf-f0eebd02d5a0;144d399f-7ddb-42df-ae77-b92faa212d8c","80;305","Pending",""
"2728c39b-c3d6-4242-871e-d3292e0b4317","البابطين الغذائية","61fd7e38-42c6-4691-9ffa-7ad4d9ed43c6","البابطين الغذائية","Medium",6,1928.66,"7cfc95e8-0b88-4a1a-ba8d-64991bdd57e5;36d928cb-ac43-4f6d-ac93-03dbe43f3fd8","80;305","Pending",""
"cc36ebb4-42f3-4cf4-92e8-93259edfbb0b","مركز العبد القادر لبيع قطع غيار للسيارات","cc36ebb4-42f3-4cf4-92e8-93259edfbb0b","مركز العبد القادر لبيع قطع غيار للسيارات","Medium",1,252.17,"103d4681-387c-4201-a770-f88a9c04d50c","","Pending",""
"89261b9c-6f75-4a59-a590-01da3821e769","مركز العبد القادر لبيع قطع غيار للسيارات","cc36ebb4-42f3-4cf4-92e8-93259edfbb0b","مركز العبد القادر لبيع قطع غيار للسيارات","Medium",1,252.17,"a071a517-571f-4942-953c-227e731b7cc9","","Pending",""
"9935a3f2-01fb-456d-82c4-13e8e82955c1","شركة منصة النمو للخدمات التجارية","9935a3f2-01fb-456d-82c4-13e8e82955c1","شركة منصة النمو للخدمات التجارية","Medium",2,20000.00,"1ddd79de-caec-4213-bf65-43e2102c3fe5;32d96b48-888e-4e7c-82d6-8e478b23bfe1","","Pending",""
"229fa626-a019-445c-b514-6037b3326aa5","شركة منصة النمو للخدمات التجارية","9935a3f2-01fb-456d-82c4-13e8e82955c1","شركة منصة النمو للخدمات التجارية","Medium",2,20000.00,"f7b8e16c-e432-48d2-8b14-ace52056d44b;e5926623-c96b-48f7-b5e2-3615c2d2d350","","Pending",""
"5d008a56-1f0a-484f-bcd7-619808cc2d70","عطارة العليا فرع العويس","5d008a56-1f0a-484f-bcd7-619808cc2d70","عطارة العليا فرع العويس","Medium",1,43.48,"a8cabdcf-320a-4244-9881-b6ce22698ee8","27218","Pending",""
"ec726ff2-3503-4edb-b5de-625fb72f768c","عطارة العليا فرع العويس","5d008a56-1f0a-484f-bcd7-619808cc2d70","عطارة العليا فرع العويس","Medium",1,43.48,"3bb33ec7-3b6a-422d-9d7b-b8de14ab6bdb","27218","Pending",""
"a8b04a81-0ce4-4d57-9359-f47c6940f6fe","شركة الوان الهدية","a8b04a81-0ce4-4d57-9359-f47c6940f6fe","شركة الوان الهدية","Medium",5,1379.34,"1bd60e09-79fc-4eec-b5bd-cbadebaedede;cf1fc16e-083d-4066-a5ca-396358ba1ca4","12102;18424","Pending",""
"cb2d1f4e-df17-42c2-b1b5-69ef6f0ce62a","شركة الوان الهدية","a8b04a81-0ce4-4d57-9359-f47c6940f6fe","شركة الوان الهدية","Medium",5,1379.34,"a5466bae-e7e4-425b-9929-81256776b264;ce7aef7c-deb5-4b75-9d4b-703277c589f3","12102;18424","Pending",""
"ff86cbf9-e8d4-443b-a9cf-7e775b625c85","الياسمين سنتر","ff86cbf9-e8d4-443b-a9cf-7e775b625c85","الياسمين سنتر","Medium",4,136.00,"2f3281c4-fe7f-4b06-a0f1-8cf0390d5937;771676e4-55b4-4f8b-b747-38d90d43b541","11011;110110000001","Pending",""
"b75fcf9e-8453-41fd-8e2c-dd0250c526a2","الياسمين سنتر","ff86cbf9-e8d4-443b-a9cf-7e775b625c85","الياسمين سنتر","Medium",4,136.00,"ccf22c9c-aed8-4940-8147-aab02a54cf13;2f13ee36-d31a-407f-a7fd-733b16b34923","11011;110110000001","Pending",""
"1b1a7df6-bba8-4acb-986f-92d2049adc18","تموينات المعشوق","1b1a7df6-bba8-4acb-986f-92d2049adc18","تموينات المعشوق","Medium",6,730.80,"e6d98054-250e-4e8b-a84d-3b6c111d90c1;830040e4-46ae-4dc8-b8f6-462932c460e8","118444064;111013812","Pending",""
"2f502551-a949-413a-8b74-5712c779300a","تموينات المعشوق","1b1a7df6-bba8-4acb-986f-92d2049adc18","تموينات المعشوق","Medium",4,522.00,"2555f96c-31e5-4ecf-aa89-7c825bdc2167;533359d5-1c36-4bf6-b015-960f5040a179","118444064;111013812","Pending",""
"3de3006d-7a7d-49b2-ba27-13f2b85c1ba5","اسواق النخبة","3de3006d-7a7d-49b2-ba27-13f2b85c1ba5","اسواق النخبة","Medium",1,184.26,"d4551792-6eaf-4b5d-a229-a59ff9bcd0d5","76360","Pending",""
"74043a39-1c8b-4989-b116-f644240ada53","اسواق النخبة","3de3006d-7a7d-49b2-ba27-13f2b85c1ba5","اسواق النخبة","Medium",1,184.26,"2049cd9d-3dce-4664-b518-d388e8706ad7","76360","Pending",""
"74b013d5-27c2-40cb-86bc-e01945103de4","NAPCO","74b013d5-27c2-40cb-86bc-e01945103de4","NAPCO","Medium",14,6366.00,"e8d7878c-6b5c-4e50-acd7-9a46d65ef194;309df1ec-24e4-4bd2-b822-2e1475153804","25006733;25029199","Pending",""
"80982b14-87e2-4ef0-8b1c-a5ff7e497b9b","NAPCO","74b013d5-27c2-40cb-86bc-e01945103de4","NAPCO","Medium",12,5926.00,"972aeb95-4a5f-4d9b-baa8-3a4b07075c52;4f713bf1-31b3-4f81-9b8d-5543ec993ec1","25006733;25029199","Pending",""
"6042bd3c-9b2c-49fd-b8ac-00736403c1a7","قصر البلاستك","6042bd3c-9b2c-49fd-b8ac-00736403c1a7","قصر البلاستك","Medium",5,974.70,"f8e23c8d-bc87-4a9d-a088-767da4ae7a62;7db3e2ac-6417-4704-9f4d-9f123dad1e6d","394079;395666","Pending",""
"038b5d8a-cdb8-458b-b0e4-0ebd86331d0a","قصر البلاستك","6042bd3c-9b2c-49fd-b8ac-00736403c1a7","قصر البلاستك","Medium",5,974.70,"54f19085-2c02-4d4a-bc81-61644d3f5bb4;b0a193ca-3071-4c22-bc0b-1409d2d9b2ac","394079;395666","Pending",""
"4638c5b8-31ea-4b93-9d97-5c56ab20fa5c","CGULF WEST","4638c5b8-31ea-4b93-9d97-5c56ab20fa5c","CGULF WEST","Medium",1,308.00,"fd3cc922-3efa-4ac4-989a-86803d873893","3025003987","Pending",""
"5e68cd09-1422-4c32-93b3-10cf76781c56","CGULF WEST","4638c5b8-31ea-4b93-9d97-5c56ab20fa5c","CGULF WEST","Medium",1,308.00,"90f81b8b-f523-495c-a8fd-db06934b5ff8","3025003987","Pending",""
"6af3c9c8-a496-4c2c-806b-fcd4437223dc","المستقبل المشرق للطباعة","6af3c9c8-a496-4c2c-806b-fcd4437223dc","المستقبل المشرق للطباعة","Medium",2,804.34,"c9a1314e-8cfe-4893-850e-c269fcd8b9e1;5c96d7da-97c8-43ec-a237-845e3f704503","48;54","Pending",""
"81fc8826-32b8-4344-8754-38db0666c1e6","المستقبل المشرق للطباعة","6af3c9c8-a496-4c2c-806b-fcd4437223dc","المستقبل المشرق للطباعة","Medium",2,804.34,"0c9df65e-62af-48ed-91cb-43b7e3cd0009;87699a7f-1dbe-4441-97cb-c017d44392b6","48;54","Pending",""
"a3df3ecb-ef63-4f90-9da4-b3911662ba35","شركة تاج الهدوء للكهرباء","a3df3ecb-ef63-4f90-9da4-b3911662ba35","شركة تاج الهدوء للكهرباء","Medium",1,215.00,"23b3c398-8ac3-4e53-8685-8c647c8173e2","67333","Pending",""
"09dace50-089d-4a8c-9259-686ab8aad4fe","شركة تاج الهدوء للكهرباء","a3df3ecb-ef63-4f90-9da4-b3911662ba35","شركة تاج الهدوء للكهرباء","Medium",1,215.00,"8df9e92f-b7e0-40ab-95f0-4d7cbcc43984","67333","Pending",""
"7ffddd43-31a2-4d72-a231-88b502fa37c8","ادريس","7ffddd43-31a2-4d72-a231-88b502fa37c8","ادريس","Medium",3,173.08,"172ba02a-f386-41ea-9cf1-eeb9b3c5284f;3d8d3616-5ba2-473f-8764-0ea04f43a8b2","9307;79915","Pending",""
"36f9c6db-d4e4-4322-a64a-cfe4cd783936","ادريس","7ffddd43-31a2-4d72-a231-88b502fa37c8","ادريس","Medium",3,173.08,"6b2fbe82-3472-4a20-a0b3-7b7b8689ffa3;ed0c0214-9d3e-47f9-9ef6-47df6f3e9817","9307;79915","Pending",""
"f132f3ec-4fa8-40e8-92fd-024b11ff31eb","تموينات عامر نواف العنيزي","f132f3ec-4fa8-40e8-92fd-024b11ff31eb","تموينات عامر نواف العنيزي","Medium",1,5.00,"347576b9-2b70-4919-8e39-f5cce6cc21a0","112061","Pending",""
"87725b15-6eb6-4381-9b15-4cef7ccbb3c2","تموينات عامر نواف العنيزي","f132f3ec-4fa8-40e8-92fd-024b11ff31eb","تموينات عامر نواف العنيزي","Medium",1,5.00,"0bdfe46d-f01a-4087-a5bc-f43a16ed53ee","112061","Pending",""
"205a508f-08eb-4842-940a-7be912c8715c","CITY MAX","205a508f-08eb-4842-940a-7be912c8715c","CITY MAX","Medium",1,182.61,"9911cccc-f442-4e54-ae5c-43cd81384e47","","Pending",""
"310edfbe-14e0-4922-a14f-edca7bb840de","CITY MAX","205a508f-08eb-4842-940a-7be912c8715c","CITY MAX","Medium",1,182.61,"27b86367-21a6-44d7-bb09-b6b1ce419053","","Pending",""
"908d628d-d7ca-4e98-88eb-0e70a8608e3f","MOLTAQA ALKHABBAZEEN","908d628d-d7ca-4e98-88eb-0e70a8608e3f","MOLTAQA ALKHABBAZEEN","Medium",2,395.00,"8e5765b5-7569-4af1-bcb0-66ef430656a2;7fe1a03f-31c2-4de7-80dc-78defece3748","9305560877;9305564725","Pending",""
"713f25ff-c220-47f7-8492-474c82a3545b","MOLTAQA ALKHABBAZEEN","908d628d-d7ca-4e98-88eb-0e70a8608e3f","MOLTAQA ALKHABBAZEEN","Medium",2,395.00,"13af3470-24e6-4407-9fd0-09bc2d7f7781;e8d61b9c-a555-4dbc-ad26-b773fb2d53fa","9305560877;9305564725","Pending",""
"7542a67e-a542-4c31-b744-270390273836","GULFWEST CENTRAL","7542a67e-a542-4c31-b744-270390273836","GULFWEST CENTRAL","Medium",1,3900.00,"c0ed4d50-9a86-4474-b73a-c41729908a81","1832","Pending",""
"b114c370-547c-409b-87ac-09d73bb30018","GULFWEST CENTRAL","7542a67e-a542-4c31-b744-270390273836","GULFWEST CENTRAL","Medium",1,3900.00,"57d9382d-9d61-429e-ba68-246621e91845","1832","Pending",""
"db0cce08-ff38-4c5c-a2f6-1597353872f5","مطابع جوهرة الخليج للطباعة","db0cce08-ff38-4c5c-a2f6-1597353872f5","مطابع جوهرة الخليج للطباعة","Medium",2,4300.00,"f69c6e6f-f2bd-461a-8f4e-cb6a2df39d20;e2d81021-f67e-4f16-af14-a9e55501a460","","Pending",""
"e2eabc21-5f01-47c6-8693-82adb3419217","مطابع جوهرة الخليج للطباعة","db0cce08-ff38-4c5c-a2f6-1597353872f5","مطابع جوهرة الخليج للطباعة","Medium",1,3400.00,"9f02f0a5-84f1-4d40-8888-03c6c3ee8cbb","","Pending",""
"63f23889-47c9-4daa-a8fa-957d0f9e9b0d","GULF WEST","63f23889-47c9-4daa-a8fa-957d0f9e9b0d","GULF WEST","Medium",4,2695.00,"fff7919a-12d7-4b39-987d-12203ccbbe9f;6af968b2-8cdf-4f8f-8502-5d3b0d4b8de2","3025005083;3025009684","Pending",""
"a76c014e-8a3e-427b-9fbe-b5f20273d9ab","GULF WEST","63f23889-47c9-4daa-a8fa-957d0f9e9b0d","GULF WEST","Medium",4,2695.00,"9e084303-788e-48a5-beef-2ea2d56f321c;86edc2cd-c520-421f-893d-c68e2b493cd4","3025005083;3025009684","Pending",""
"f9f8d2d8-602c-4c5d-b839-673148a92008","TEMU","f9f8d2d8-602c-4c5d-b839-673148a92008","TEMU","Medium",2,464.14,"a1ee87d0-3f30-4b00-81ec-896d5fb25f9b;944e1cf9-49d6-4a3b-856d-be44ba7e7d6d","ONLINE;ONLINE 1","Pending",""
"a5f931d1-6588-4405-ae4a-328c8f43e4e8","temu","f9f8d2d8-602c-4c5d-b839-673148a92008","TEMU","Medium",2,659.58,"4ad8fc94-77d0-422e-ab4d-e12f16ecdf70;4c66d5c3-e82a-43d9-9e92-e7605a5e16e0","online 2;online 3","Pending",""
"bcea5cc6-7773-4450-a462-9c35df5feeeb","TEMU","f9f8d2d8-602c-4c5d-b839-673148a92008","TEMU","Medium",2,464.14,"1c81fdff-7c01-41a1-8e8f-0bef7d71d575;ef785e94-9e48-437e-b727-0ae9d1e63fe4","ONLINE;ONLINE 1","Pending",""
"4ff985f4-c75b-4821-82d3-3313223c31c0","temu","f9f8d2d8-602c-4c5d-b839-673148a92008","TEMU","Medium",2,659.58,"efa96356-76cd-4cbf-9013-5052219295cd;af0cc92f-2e3c-43c3-a83c-3ed1363a48cc","online 2;online 3","Pending",""
"04c9840b-b85a-411c-9df4-7ff5d2b67765","CROVER OIL","04c9840b-b85a-411c-9df4-7ff5d2b67765","CROVER OIL","Medium",3,128.72,"e4ce6220-f0f2-4c2c-919d-fecfdee2ade5;f7acef51-8f26-4452-ad62-3f2c782dd56e","520;511","Pending",""
"9c0a542c-7d84-4b72-8c1f-8c08386fa06f","CROVER OIL","04c9840b-b85a-411c-9df4-7ff5d2b67765","CROVER OIL","Medium",3,128.72,"c5f582d8-a056-4b12-a606-ecdeae2c3f33;e4cccaf8-e081-4e8f-b342-8a85eb516470","520;511","Pending",""
"3c15b9f2-ae40-4822-9f70-eeec9addaccc","GAS STASHION","3c15b9f2-ae40-4822-9f70-eeec9addaccc","GAS STASHION","Medium",3,86.95,"e8553bf1-8b12-42a2-9b26-58b02d6be5a3;6a2b84fb-f8ee-4f7a-93e5-f7a69c0d368c","10915;4536","Pending",""
"ae40948b-dc91-4727-a7b0-ae7bcf9f4474","GAS STASHION","3c15b9f2-ae40-4822-9f70-eeec9addaccc","GAS STASHION","Medium",3,86.95,"100519ae-ed6c-4a25-9c18-70da7c36dbf6;52f5a7f3-042d-4c99-a897-17239fa909da","10915;4536","Pending",""
"0f4b5ad3-d372-455a-b3e7-f77e39c9d96c","موسسة عيسي الجريسي للمقاولات","0f4b5ad3-d372-455a-b3e7-f77e39c9d96c","موسسة عيسي الجريسي للمقاولات","Medium",1,911.60,"33512c6f-7772-4a6d-a62e-b81e259ad731","77","Pending",""
"65637eac-ae21-4391-ab1b-d09a5215db64","موسسة عيسي الجريسي للمقاولات","0f4b5ad3-d372-455a-b3e7-f77e39c9d96c","موسسة عيسي الجريسي للمقاولات","Medium",1,911.60,"3489ea81-e8e6-4ae7-aad1-be7c049005d2","77","Pending",""
"d4e29b2f-b01a-4bda-9053-e4a8d6375ba6","مؤسسة عبد الله الحبس لتصليح السيارات","d4e29b2f-b01a-4bda-9053-e4a8d6375ba6","مؤسسة عبد الله الحبس لتصليح السيارات","Medium",1,113.04,"4c3f04e6-7cd5-40c9-b4db-37598bd1474a","2725","Pending",""
"184c7f7a-133a-42fb-b1be-3a9d134f18fb","مؤسسة عبد الله الحبس لتصليح السيارات","d4e29b2f-b01a-4bda-9053-e4a8d6375ba6","مؤسسة عبد الله الحبس لتصليح السيارات","Medium",1,113.04,"6db42f08-08a6-40ed-944d-7e03fbf76e89","2725","Pending",""
"6c206455-c274-46ea-94c0-aed113d43e7f","الكيف الشرقي","6c206455-c274-46ea-94c0-aed113d43e7f","الكيف الشرقي","Medium",2,279.46,"3484cd3b-d8c2-4257-8c5e-1ed0208947e6;eca92b90-5282-4376-998a-bdd960c40f17","50054708;50059671","Pending",""
"9cafbec8-0627-40a2-a2ad-d156edca2807","الكيف الشرقي","6c206455-c274-46ea-94c0-aed113d43e7f","الكيف الشرقي","Medium",2,279.46,"31f4985b-80d3-44de-ba36-83c1891d725c;f808161b-62a1-4441-9e96-f1924ac22414","50054708;50059671","Pending",""
"016fb9e2-4533-4e5d-b7f9-a3165214430e","مجموعة فهد المعيذر","016fb9e2-4533-4e5d-b7f9-a3165214430e","مجموعة فهد المعيذر","Medium",4,1336.22,"35d07f22-8ffe-447e-88b4-fbd1bec17a63;eeb040c5-4bf7-405b-be35-ea4661c3d772","982;5124","Pending",""
"f199e149-f314-4adb-82af-da60f2f15031","مجموعة فهد المعيذر","016fb9e2-4533-4e5d-b7f9-a3165214430e","مجموعة فهد المعيذر","Medium",4,1336.22,"02dd1c6f-f7eb-47d9-9421-f3b20449b845;6f4c973e-a56f-41bd-be44-4c81570c5a48","982;5124","Pending",""
"4a287209-01c5-4b1b-a1a9-d32aa56e3089","مؤسسة قدو للتجلره","4a287209-01c5-4b1b-a1a9-d32aa56e3089","مؤسسة قدو للتجلره","Medium",1,120.00,"12be9820-40b9-4fc4-b631-d20096b3f2db","1-1813","Pending",""
"a4d6710b-34dc-47bb-be8d-ca969cb09c5a","مؤسسة قدو للتجلره","4a287209-01c5-4b1b-a1a9-d32aa56e3089","مؤسسة قدو للتجلره","Medium",1,120.00,"40f9dc4e-9cce-455f-b50a-59e07fb7a843","1-1813","Pending",""
"f89fc450-8ee9-4226-a4fc-f44a7456ca6d","مركز ابو عوض","f89fc450-8ee9-4226-a4fc-f44a7456ca6d","مركز ابو عوض","Medium",1,80.00,"69eb6abd-cf6f-4025-8965-7a07e654e8ce","9119","Pending",""
"8fe89565-f88c-47a3-86be-ac947f72c59a","مركز ابو عوض","f89fc450-8ee9-4226-a4fc-f44a7456ca6d","مركز ابو عوض","Medium",1,80.00,"7b9decec-556e-41df-bdb1-9f68c12fd929","9119","Pending",""
"8e6ff2ec-9cf8-4057-b137-f94a53212462","شركة العثمان للأنتاج والتصنيع الزراعي (ندى)","8e6ff2ec-9cf8-4057-b137-f94a53212462","شركة العثمان للأنتاج والتصنيع الزراعي (ندى)","Medium",1,328.00,"9e41dc25-d157-4fa9-be24-7837698a86d8","","Pending",""
"9529a73a-e81c-4c5d-98dd-0ac8e5b26070","شركة العثمان للأنتاج والتصنيع الزراعي (ندى)","8e6ff2ec-9cf8-4057-b137-f94a53212462","شركة العثمان للأنتاج والتصنيع الزراعي (ندى)","Medium",1,328.00,"4a70613b-3809-4642-afae-fc58b3f5d47b","","Pending",""
"fc445bf0-7be8-41cb-b750-b6c72720585d","شركة الياسمين","fc445bf0-7be8-41cb-b750-b6c72720585d","شركة الياسمين","Medium",1,45.00,"58b29206-782d-46d5-94f9-6faabc51f007","11012","Pending",""
"a57a54b0-5f8c-4158-bcee-53e7e516c545","شركة الياسمين","fc445bf0-7be8-41cb-b750-b6c72720585d","شركة الياسمين","Medium",1,45.00,"eda033d5-3e78-40dc-a1a0-43be0cf37c9d","11012","Pending",""
"04f02a42-76d0-4728-9b50-34998f4952dd","موسسة قوي التبريد","04f02a42-76d0-4728-9b50-34998f4952dd","موسسة قوي التبريد","Medium",1,633.00,"225ccb34-9d3f-410e-b61d-9f99ffc94272","89","Pending",""
"5b637968-900d-46d2-8ae7-1d899defb310","موسسة قوي التبريد","04f02a42-76d0-4728-9b50-34998f4952dd","موسسة قوي التبريد","Medium",1,633.00,"8e0f03f3-adee-4784-a9fc-90434ca993dd","89","Pending",""
"a5ecdb2c-ddde-457b-b6c6-e86ac0b99c53","شركة مراسي الخليج المحدودة","a5ecdb2c-ddde-457b-b6c6-e86ac0b99c53","شركة مراسي الخليج المحدودة","Medium",1,300.00,"f42bf5a6-3a37-4c00-8a49-2238589bb9ac","3230","Pending",""
"a1d6f772-82bd-4ffd-bb65-78f8e8b456aa","شركة مراسي الخليج المحدودة","a5ecdb2c-ddde-457b-b6c6-e86ac0b99c53","شركة مراسي الخليج المحدودة","Medium",1,300.00,"c659f89e-3f6b-4570-a169-40cdc46bda48","3230","Pending",""
"4c01c327-b7d2-4e8c-afc9-c92fb8c163c1","فهد ناصر للتجارة","4c01c327-b7d2-4e8c-afc9-c92fb8c163c1","فهد ناصر للتجارة","Medium",1,47.80,"a5e95ea2-952e-42ee-9a7f-754ec1db64b0","183521","Pending",""
"6e706d3d-a4c1-4520-86cb-7cc267c55147","فهد ناصر للتجارة","4c01c327-b7d2-4e8c-afc9-c92fb8c163c1","فهد ناصر للتجارة","Medium",1,47.80,"c488c0d9-a22f-4a51-856e-e9bc013bcf44","183521","Pending",""
"31aec20e-e0b3-4444-af31-bdcfd9e34d13","شركة ايم للمعدات الصناعية","31aec20e-e0b3-4444-af31-bdcfd9e34d13","شركة ايم للمعدات الصناعية","Medium",1,21.74,"777a8363-6082-4777-9d9b-6b60d28a3120","310890","Pending",""
"4aa97a88-86ae-4a49-a379-f5d57c8a657a","شركة ايم للمعدات الصناعية","31aec20e-e0b3-4444-af31-bdcfd9e34d13","شركة ايم للمعدات الصناعية","Medium",1,21.74,"28ea8818-1d21-4c66-94e8-16a0d4fb19f1","310890","Pending",""
"c2fd1deb-155f-48eb-b61f-ae97b5daed42","شركة عبد العزيز العقيلي","c2fd1deb-155f-48eb-b61f-ae97b5daed42","شركة عبد العزيز العقيلي","Medium",1,60.00,"39645840-ad3c-4b95-99c0-b2ada3f40693","5-937","Pending",""
"b3a9e598-8a1e-4ba8-b567-fdf2c9d41f6f","شركة عبد العزيز العقيلي","c2fd1deb-155f-48eb-b61f-ae97b5daed42","شركة عبد العزيز العقيلي","Medium",1,60.00,"35e33bd9-21aa-4695-bf4c-25a9943cb0a1","5-937","Pending",""
"64b817e2-f380-46a0-9a00-e13308ae7352","بيت الريحان الزراعية","64b817e2-f380-46a0-9a00-e13308ae7352","بيت الريحان الزراعية","Medium",1,50.00,"1a005e8a-059f-4557-ae6c-36339ad16184","439","Pending",""
"21b34dc8-b4df-4c2b-ba58-084f447d691d","بيت الريحان الزراعية","64b817e2-f380-46a0-9a00-e13308ae7352","بيت الريحان الزراعية","Medium",1,50.00,"8361e88a-66ce-4f49-8d1d-d813701edec6","439","Pending",""
"796bbe9c-f52f-4ca8-9771-3590358a2c19","ملتقي الخبازين","796bbe9c-f52f-4ca8-9771-3590358a2c19","ملتقي الخبازين","Medium",4,1160.00,"46066d7d-baaa-4149-b0b7-e41c3104eff6;d197170f-9f49-420c-9c0f-108d6a394571","9305589102;9305623396","Pending",""
"8833b933-3422-40d6-ad6a-448008cb8cec","ملتقي الخبازين","796bbe9c-f52f-4ca8-9771-3590358a2c19","ملتقي الخبازين","Medium",4,1160.00,"974984e1-d824-4f29-b9de-fa2f7be3822d;cd5b3a78-408e-4578-937f-5f8bea651442","9305589102;9305623396","Pending",""
"90d29d6a-f2d7-4661-926d-ea43bac8f5d0","sasco","90d29d6a-f2d7-4661-926d-ea43bac8f5d0","sasco","Medium",2,217.06,"61f5820c-62f6-414c-aa57-e4b72e2f66f7;83a10d9e-8983-4d8a-a72e-7d547bcfddc6","521260;24460","Pending",""
"142d5956-e9e7-4c36-801e-2184a7abd5fe","sasco","90d29d6a-f2d7-4661-926d-ea43bac8f5d0","sasco","Medium",2,217.06,"9614cc5d-f6c7-4b2c-a17d-6f724c3b9d11;8c0227e6-d611-4ca6-97ae-9d35aa67130a","521260;24460","Pending",""
"94321824-9634-4422-9823-6a375687bb21","العالمية للفواكة الطازجة","94321824-9634-4422-9823-6a375687bb21","العالمية للفواكة الطازجة","Medium",10,1625.00,"142e2ff0-70c7-4bed-b7f1-a731341e4bb6;9469b860-8a7a-41e4-be3c-8725a75e67c5","1734;1456","Pending",""
"48b134a3-7e9b-4b55-9dba-e69de27fd62c","العالمية للفواكة الطازجة","94321824-9634-4422-9823-6a375687bb21","العالمية للفواكة الطازجة","Medium",10,1625.00,"2fcd9424-453c-4831-ab67-38b006079938;4081b469-717f-4223-af8b-135efbcdbe8e","1734;1456","Pending",""
"3091c501-151a-48ef-b05f-4d546fc8f970","transmed","3091c501-151a-48ef-b05f-4d546fc8f970","transmed","Medium",7,7000.00,"2ad219e4-704a-4a6b-8908-3b50db2dc864;cd67fb0f-73d6-4b6d-aaf6-673151645681","25008743;25010434","Pending",""
"e668f526-cb40-48a3-8f38-d28985301f7f","transmed","3091c501-151a-48ef-b05f-4d546fc8f970","transmed","Medium",7,7000.00,"8fc5b60a-8018-4120-ba62-af0262bc0f9a;e52a804c-b49a-48f6-9e10-4a3c38c5f93e","25008743;25010434","Pending",""
"1926be88-93bc-43bf-9576-ce224d550899","عيسي الجريسي للمقاولات","1926be88-93bc-43bf-9576-ce224d550899","عيسي الجريسي للمقاولات","Medium",2,156.96,"a20fd7a0-34d1-42d9-9f4e-70bc91c52742;4ec314f3-16d3-46c9-beb7-93c555522690","24417;cash","Pending",""
"54e8a54c-48c9-478a-9be3-bbffe0333e2f","عيسي الجريسي للمقاولات","1926be88-93bc-43bf-9576-ce224d550899","عيسي الجريسي للمقاولات","Medium",2,156.96,"eda5706c-aaf4-4fd4-92cf-8ad7a42906cd;c4d62632-c9cf-4571-9d03-35c14813ec5b","24417;cash","Pending",""
"0f215aae-52ef-4ab7-a5b9-45ea1fbdc85f","عامل سباكة","0f215aae-52ef-4ab7-a5b9-45ea1fbdc85f","عامل سباكة","Medium",1,100.00,"e0b10a96-96a0-4b3b-a28a-3a64089bac5e","cash","Pending",""
"0e181fbe-8cdf-4d0f-a1a2-34ffc1d2289b","عامل سباكة","0f215aae-52ef-4ab7-a5b9-45ea1fbdc85f","عامل سباكة","Medium",1,100.00,"d2d8b6a8-18c9-46d8-8226-3d2a35030f1b","cash","Pending",""
"ef03c408-97e7-4fc8-9a4e-c7b365e8c72b","قريه صويلح","ef03c408-97e7-4fc8-9a4e-c7b365e8c72b","قريه صويلح","Medium",1,340.00,"52af1c3a-1c9a-4d08-9331-e788db5b1df5","257105000000","Pending",""
"4d2c855b-a151-4a59-824f-bd8d6b0ad52c","قريه صويلح","ef03c408-97e7-4fc8-9a4e-c7b365e8c72b","قريه صويلح","Medium",1,340.00,"4816ed05-e182-4dfe-8b0e-3344201ae2ad","257105000000","Pending",""
"70220a49-fcb9-4b67-808e-aef417137116","اناقة المطبخ","70220a49-fcb9-4b67-808e-aef417137116","اناقة المطبخ","Medium",1,126.00,"5dab810a-2fa9-44a4-a8bd-73c192408662","1540","Pending",""
"1e7190e4-9eea-4ec0-8130-b96a54c8ca64","اناقة المطبخ","70220a49-fcb9-4b67-808e-aef417137116","اناقة المطبخ","Medium",1,126.00,"49344a57-045a-4c23-8e97-901731a08ec2","1540","Pending",""
"2529c9ad-3a31-473d-a03f-7d3a08ea6419","SESCO","2529c9ad-3a31-473d-a03f-7d3a08ea6419","SESCO","Medium",1,129.00,"32d8b5ee-edfd-42ef-bdbb-73343ca62972","CASH","Pending",""
"76ac2b2d-edf8-4372-9959-80b210da104e","SESCO","2529c9ad-3a31-473d-a03f-7d3a08ea6419","SESCO","Medium",1,129.00,"f8526c79-2e78-4934-ab08-b3a25e8a9e8c","CASH","Pending",""
"6e4c03aa-c03a-4909-aaf6-3d4d97535ce8","الهزازي","6e4c03aa-c03a-4909-aaf6-3d4d97535ce8","الهزازي","Medium",1,1000.00,"407e7fff-067b-459f-a732-b30b494eca4f","430448","Pending",""
"4670071e-0772-4998-8e1e-89e424139dc1","الهزازي","6e4c03aa-c03a-4909-aaf6-3d4d97535ce8","الهزازي","Medium",1,1000.00,"74465cf6-5133-46b0-8f0e-10fe34203b84","430448","Pending",""
"c88ed0ae-fdcd-41fa-a2a2-3704057612b9","BANDA","c88ed0ae-fdcd-41fa-a2a2-3704057612b9","BANDA","Medium",1,292.76,"c4b06f63-5ca6-488c-807e-4b6eb0e770af","158107","Pending",""
"68096b67-317e-46fd-9cec-325e6812067c","BANDA","c88ed0ae-fdcd-41fa-a2a2-3704057612b9","BANDA","Medium",1,292.76,"c0dc1ea7-a79e-4b14-a41d-e1c16f4a84c2","158107","Pending",""
"36abc8da-4cbe-41c7-9e4a-c109ccdcb69c","LACE FLOWER","36abc8da-4cbe-41c7-9e4a-c109ccdcb69c","LACE FLOWER","Medium",1,400.00,"4a0197ad-f47f-44b3-9a32-297f4260ea76","9","Pending",""
"d8afbd5d-c7b9-4f27-b286-b00d4f8992d4","LACE FLOWER","36abc8da-4cbe-41c7-9e4a-c109ccdcb69c","LACE FLOWER","Medium",1,400.00,"a49f9bdc-b5ee-4f82-afe0-1a1174417225","9","Pending",""
"976afec1-364b-483f-9c22-a33623a8f903","jarir","976afec1-364b-483f-9c22-a33623a8f903","jarir","Medium",1,173.04,"11abde62-7d8f-47ea-80f7-73ef21cce919","8653","Pending",""
"0bbfa7d5-4faa-4db0-a568-483272cafda9","jarir","976afec1-364b-483f-9c22-a33623a8f903","jarir","Medium",1,173.04,"6dace3fc-df56-492b-8f43-e980245c6582","8653","Pending",""
"522175c7-fa6d-44fb-b230-737066b67037","alsharq book store","522175c7-fa6d-44fb-b230-737066b67037","alsharq book store","Medium",1,30.00,"f6d0b0ab-3cee-43f3-bc74-5c5f77527458","09104-002-0002","Pending",""
"74288a8b-9db3-4550-8bf7-2b0e3cd6c785","alsharq book store","522175c7-fa6d-44fb-b230-737066b67037","alsharq book store","Medium",1,30.00,"6a3b7088-e229-4305-90ee-daefb02a0245","09104-002-0002","Pending",""
"a056c9c2-198e-49a5-a73f-000c7453ebe0","dalla","a056c9c2-198e-49a5-a73f-000c7453ebe0","dalla","Medium",2,93.92,"2f452fa4-de17-4ac5-966c-b2bddd1e7436;1968f4fd-c324-4c86-98ce-2e42d39ba48a","737620;707963","Pending",""
"c565245d-79ba-4f57-8b63-8d9b6696db97","DALLA","a056c9c2-198e-49a5-a73f-000c7453ebe0","dalla","Medium",1,34.78,"e42bf55a-acbd-466a-a564-664fb55c24be","747248","Pending",""
"0df2cc8e-fd54-40c4-b5b6-09910d38219e","dalla","a056c9c2-198e-49a5-a73f-000c7453ebe0","dalla","Medium",2,93.92,"8bff00d7-6e48-47b2-a36d-d46d0c84b547;e00529c6-1d9f-466a-a31e-15e43cae33f6","737620;707963","Pending",""
"59c97741-307c-45fc-9e7f-fbf1b056e4db","DALLA","a056c9c2-198e-49a5-a73f-000c7453ebe0","dalla","Medium",1,34.78,"2bf44df4-ec66-4d12-8157-25985b5b5497","747248","Pending",""
"f5d02b3e-1a01-4ecd-a995-704f6cf43d5c","neft","f5d02b3e-1a01-4ecd-a995-704f6cf43d5c","neft","Medium",1,63.44,"605dc6b4-bc8c-442b-9f53-aeb5f708dd8f","1041419455","Pending",""
"7fdee591-b41b-4bfe-9783-6319318a41cd","neft","f5d02b3e-1a01-4ecd-a995-704f6cf43d5c","neft","Medium",1,63.44,"938f45c9-0db3-446e-8f1b-d07a62db513a","1041419455","Pending",""
"0c7f5ada-becf-4d12-a52e-06bf1ba2463c","شركة ادريس","0c7f5ada-becf-4d12-a52e-06bf1ba2463c","شركة ادريس","Medium",1,64.36,"a3ae4942-df97-46f4-b907-2ce94684ebe8","45244","Pending",""
"7561d21c-09c4-4301-8597-fdcac37a47b7","شركة ادريس","0c7f5ada-becf-4d12-a52e-06bf1ba2463c","شركة ادريس","Medium",1,64.36,"3d630c74-f68f-4c76-bd26-d8e7adc5ea69","45244","Pending",""
"42240352-f498-48c3-a924-5d5c0c906224","mawaduna","42240352-f498-48c3-a924-5d5c0c906224","mawaduna","Medium",2,903.50,"7fd321d2-4023-4828-bd45-feb89ee028e9;fad3bc01-b733-4985-8606-218b8490449e","1138;1590","Pending",""
"0cb80cf1-4fc1-4b01-8e1a-2eb999d89002","MAWADUNA","42240352-f498-48c3-a924-5d5c0c906224","mawaduna","Medium",1,324.00,"e69b8a0b-16d8-4529-be3b-1464e6278705","552","Pending",""
"ed42225d-f960-4f69-af32-e6bc97d465f7","mawaduna","42240352-f498-48c3-a924-5d5c0c906224","mawaduna","Medium",2,903.50,"86f08495-cc50-42c9-b40c-9343b3d9cb63;86fbd364-e73f-4408-915a-543781ab3c78","1138;1590","Pending",""
"80fa7d0a-72eb-42cb-a22a-73ea4528ad9d","MAWADUNA","42240352-f498-48c3-a924-5d5c0c906224","mawaduna","Medium",1,324.00,"df51ec7c-15a2-4f89-b389-32600bcc3fc9","552","Pending",""
"5b44bb9a-b3b9-4611-bd58-1dcb59656bae","ALJAMEEL","5b44bb9a-b3b9-4611-bd58-1dcb59656bae","ALJAMEEL","Medium",1,1050.00,"c3d40c9a-3efd-4c10-b35e-aca462db82e8","90067885","Pending",""
"8019a2fd-3157-4b5a-ab8c-f5e82c321d15","al jameel","5b44bb9a-b3b9-4611-bd58-1dcb59656bae","ALJAMEEL","Medium",1,4200.00,"52c01dc3-42d0-4103-819a-71ae3da03d44","900071121","Pending",""
"dcabd365-08fe-4388-84b2-2e7c02b352c4","aljameel","5b44bb9a-b3b9-4611-bd58-1dcb59656bae","ALJAMEEL","Medium",1,980.00,"12336446-0da7-4c6c-95af-1f463c63f71f","900028428","Pending",""
"d208902a-3d1f-4787-9bcc-547b5fae9361","ALJAMEEL","5b44bb9a-b3b9-4611-bd58-1dcb59656bae","ALJAMEEL","Medium",1,1050.00,"7cf2eb50-63a8-4294-951e-c96bc4eab559","90067885","Pending",""
"0a514a86-8b3c-4633-87d3-dd3df646987d","al jameel","5b44bb9a-b3b9-4611-bd58-1dcb59656bae","ALJAMEEL","Medium",1,4200.00,"7523635d-51d4-45a8-b2f8-faa7ab05e3c7","900071121","Pending",""
"ef6b4825-aaa6-43c3-b6b5-161b7df29e0a","aljameel","5b44bb9a-b3b9-4611-bd58-1dcb59656bae","ALJAMEEL","Medium",1,980.00,"5871d6f1-0c97-408a-bf0f-2103919143e9","900028428","Pending",""
"f052f7dc-53ed-4fd2-b338-b5f186230450","موسسة قدوح البيت للتجارة","f052f7dc-53ed-4fd2-b338-b5f186230450","موسسة قدوح البيت للتجارة","Medium",2,340.00,"7f173ed5-055a-49a7-b166-3943c077c34e;24b72f7b-a953-44fc-90d1-07f7135ed913","1836;1835","Pending",""
"5151a72c-74cb-4a02-b3f2-7f46c2183783","موسسة قدوح البيت للتجارة","f052f7dc-53ed-4fd2-b338-b5f186230450","موسسة قدوح البيت للتجارة","Medium",2,340.00,"30357063-97b6-46e5-b126-a6bbf9a20f67;50fc60fb-de9d-43fb-89f9-4f042707b7e3","1836;1835","Pending",""
"6f24df24-40e2-4b7a-8134-79046eb6e782","الادريس","6f24df24-40e2-4b7a-8134-79046eb6e782","الادريس","Medium",6,323.79,"b21c0baa-40e4-460a-90a2-ee51145251ee;6e2e41b1-5e9a-4c8c-a45a-45c18119510f","53458;65931","Pending",""
"9a220b05-b3a0-43f9-a639-528d4c5a94e6","الادريس","6f24df24-40e2-4b7a-8134-79046eb6e782","الادريس","Medium",6,323.79,"cbfd44f4-441b-4938-abfd-0489223ed14c;5c616cf0-9d1c-41e8-877d-b2f729fcf9a8","53458;65931","Pending",""
"02ec32bc-a9dd-4003-9380-2fe0bff0d5f4","HAZAZI","02ec32bc-a9dd-4003-9380-2fe0bff0d5f4","HAZAZI","Medium",1,30.00,"27210e56-3ea9-4b73-a143-71833020f09a","428439","Pending",""
"126e7108-17a5-4014-8d82-c84af03eff5b","HAZAZI","02ec32bc-a9dd-4003-9380-2fe0bff0d5f4","HAZAZI","Medium",1,30.00,"95a311dc-893d-4c85-bf4a-9972b7849524","428439","Pending",""
"a3d36d7d-d0d0-4ff1-9976-ee3b19069e52","شركة الكيف الشرقي","a3d36d7d-d0d0-4ff1-9976-ee3b19069e52","شركة الكيف الشرقي","High",2,228.34,"9e8912e9-c5c2-46d1-aaa4-1c32f85418b3;5a097417-8c01-4af0-90af-a70da88768c5","50058171;50058170","Pending",""
"2f1117dc-5d27-430a-9f01-cfcf0e474e99","القصر للبلاستيك","2f1117dc-5d27-430a-9f01-cfcf0e474e99","القصر للبلاستيك","Medium",1,120.00,"488b69c5-5424-4b4c-879a-c3fac5a13b9f","400558","Pending",""
"8c00dd41-3abe-4ca6-a35e-170b926b5cda","القصر للبلاستيك","2f1117dc-5d27-430a-9f01-cfcf0e474e99","القصر للبلاستيك","Medium",1,120.00,"265dd602-2143-40fa-8494-995930256ae6","400558","Pending",""
"f9ec67e6-1ac4-4a53-9ee9-49f1f0f3dae5","مؤسسة الجريسي","f9ec67e6-1ac4-4a53-9ee9-49f1f0f3dae5","مؤسسة الجريسي","Medium",2,79.00,"911385c0-bfc6-44b9-a51b-d7d0a523c733;78ebeaaf-d3c7-4318-9f80-155bb3b8f19c","25132;25176","Pending",""
"861e767b-0ce7-4a18-a403-c741f9c4f6bd","مؤسسة الجريسي","f9ec67e6-1ac4-4a53-9ee9-49f1f0f3dae5","مؤسسة الجريسي","Medium",2,79.00,"c9932ca4-1aab-4a72-adcd-da024fb7bb88;ecd64d5a-aa5d-4c3d-9bea-ea08449eaca8","25132;25176","Pending",""
"5846eceb-7fd1-46c7-b45d-832918818ede","مؤسسة قدوح البيت التجارة","5846eceb-7fd1-46c7-b45d-832918818ede","مؤسسة قدوح البيت التجارة","Medium",2,180.00,"dd66e430-8d03-4dc4-a94a-cbf5e6f14af7;41ac8bf5-4f95-40aa-8e35-d640edc86299","1-1867;1-1866","Pending",""
"474ae47e-4c1a-482c-b452-06627d74caa9","مؤسسة قدوح البيت التجارة","5846eceb-7fd1-46c7-b45d-832918818ede","مؤسسة قدوح البيت التجارة","Medium",2,180.00,"4128c6dd-66a9-4e15-84bb-6315d5a990ba;1647a667-a146-470c-9bc2-f745674f5f8f","1-1867;1-1866","Pending",""
"228549a2-3713-4b6c-bf65-09ab4d95dd99","CROVER","228549a2-3713-4b6c-bf65-09ab4d95dd99","CROVER","Medium",1,103.49,"781d869b-b13b-4277-8ee9-9516530fe8a9","733","Pending",""
"fafedaf0-5203-4bd8-b53e-ca50137d3c1a","CROVER","228549a2-3713-4b6c-bf65-09ab4d95dd99","CROVER","Medium",1,103.49,"7198d673-3ca5-4c65-a1a1-287506c77de9","733","Pending",""
"df1adcd6-c35e-443e-baeb-ade6873fdf1b","breehant","df1adcd6-c35e-443e-baeb-ade6873fdf1b","breehant","Medium",1,553.04,"6373e5ae-46e4-4c71-b256-8a3db48b855f","40003","Pending",""
"97938463-ed29-41fb-978b-ce08fc3d119b","breehant","df1adcd6-c35e-443e-baeb-ade6873fdf1b","breehant","Medium",1,553.04,"af39aabb-ecec-4cd2-b085-dfe0b2dffefe","40003","Pending",""
"57ffda98-d751-4fb0-b5bc-ac2200d71bd3","قرية صويليح","57ffda98-d751-4fb0-b5bc-ac2200d71bd3","قرية صويليح","Medium",1,20.00,"22685b3c-6f2e-46cc-b9fd-62b4ed52be79","2510110000000","Pending",""
"c33878b6-ce4c-45ca-801b-238cd6d61fd2","قرية صويليح","57ffda98-d751-4fb0-b5bc-ac2200d71bd3","قرية صويليح","Medium",1,20.00,"31485e09-fbfc-40d6-b3ac-7da773a633f4","2510110000000","Pending",""
"b2f23b74-6338-4ca5-9a85-27c0a925eaa1","hazizi","b2f23b74-6338-4ca5-9a85-27c0a925eaa1","hazizi","Medium",1,210.00,"e3e2c723-4554-44ef-9628-dff335d944eb","54513","Pending",""
"626a1612-dece-42fd-b2a4-a1cf9e719791","hazizi","b2f23b74-6338-4ca5-9a85-27c0a925eaa1","hazizi","Medium",1,210.00,"c5256c74-f75e-45db-a99c-9f413318aac6","54513","Pending",""
"98868338-66c7-43f6-a6b0-7e7d5e187545","نقل مبرد","98868338-66c7-43f6-a6b0-7e7d5e187545","نقل مبرد","Medium",2,540.00,"925268d2-5ac6-435a-a0d8-52406b2878c5;b4d95f05-83be-4c6f-9f99-c92d53c5dca3","تحويل","Pending",""
"58e447e7-ee35-4715-a63e-13bab73df7a0","نقل مبرد","98868338-66c7-43f6-a6b0-7e7d5e187545","نقل مبرد","Medium",2,540.00,"adc29430-bf99-4085-8804-807154852f68;623ef6c5-955d-4806-8d78-c8830aca32b0","تحويل","Pending",""
"b643eb2a-f53e-4336-b8a7-218de9e22ceb","مؤسسة نايف موسي للمفارش","b643eb2a-f53e-4336-b8a7-218de9e22ceb","مؤسسة نايف موسي للمفارش","Medium",1,304.35,"f8466cf6-e4a0-452a-921b-053c2143e234","14892","Pending",""
"d4fccc2e-8596-4a73-b27f-b130d1d3cf2c","مؤسسة نايف موسي للمفارش","b643eb2a-f53e-4336-b8a7-218de9e22ceb","مؤسسة نايف موسي للمفارش","Medium",1,304.35,"56c77373-2b1d-4f8c-8503-43ca55c7c25e","14892","Pending",""
"4d23e514-bc43-43fd-9b3c-f3646921426a","moltaqa alkabbazeen","4d23e514-bc43-43fd-9b3c-f3646921426a","moltaqa alkabbazeen","Medium",1,570.00,"acf3b1d5-79f2-49be-b0ef-068a861cb7db","9305734736","Pending",""
"71c788bf-affb-499a-aea3-8c43c5ca590b","moltaqa alkabbazeen","4d23e514-bc43-43fd-9b3c-f3646921426a","moltaqa alkabbazeen","Medium",1,570.00,"d7ec0cc5-6405-45ab-8deb-df8887a2425d","9305734736","Pending",""
"0d8ce0c0-bf22-4125-9d8a-df536ae22455","الوان الهدية","0d8ce0c0-bf22-4125-9d8a-df536ae22455","الوان الهدية","Medium",1,125.00,"8163866b-3269-4a9b-a084-54123622a8d5","28780","Pending",""
"6ed670c0-1ff8-41e6-aac5-3f4945b4faf9","الوان الهدية","0d8ce0c0-bf22-4125-9d8a-df536ae22455","الوان الهدية","Medium",1,125.00,"9d31d454-a969-43b7-be9c-a580d7b7f3d1","28780","Pending",""
"b02f85bd-2155-437b-9d64-126565ab8276","SAHEL","b02f85bd-2155-437b-9d64-126565ab8276","SAHEL","Medium",1,101.67,"15ca32d5-a25b-4ed6-b6ef-6bd370ce486f","3323","Pending",""
"775e9dcc-b4b4-4698-b630-fe51fba31dc3","SAHEL","b02f85bd-2155-437b-9d64-126565ab8276","SAHEL","Medium",1,101.67,"fcbb95c7-6c23-4933-b334-165f8241e80a","3323","Pending",""
"21f5c4d6-6222-4e56-b8f7-2b6d886033cf","PETROMIN","21f5c4d6-6222-4e56-b8f7-2b6d886033cf","PETROMIN","Medium",1,45.22,"cbb0306f-a844-4c1e-a0f0-5002954c1d58","","Pending",""
"668270e4-e4c9-42a7-a412-7ebb5cbc3553","PETROMIN","21f5c4d6-6222-4e56-b8f7-2b6d886033cf","PETROMIN","Medium",1,45.22,"1981dfb2-992a-4623-91d7-23c34bbef0ca","","Pending",""
"74b19826-af87-46c3-8fa2-6fc7507fda94","شركة قصر البلاستيك","74b19826-af87-46c3-8fa2-6fc7507fda94","شركة قصر البلاستيك","Medium",1,65.00,"134dbf8f-abc9-4056-b7b3-a43b38ac2b4b","1816","Pending",""
"6db1c333-f34d-4ac7-8e35-6625f9bdd28f","شركة قصر البلاستيك","74b19826-af87-46c3-8fa2-6fc7507fda94","شركة قصر البلاستيك","Medium",1,65.00,"6cf71c64-8d3e-4196-84ee-8505b7867616","1816","Pending",""
"ddbc4a07-2869-4650-b242-ec23e48a009c","ملتقي الحلويات","ddbc4a07-2869-4650-b242-ec23e48a009c","ملتقي الحلويات","Medium",1,64.00,"29fc99dc-0b83-4f1f-a71d-70c47cb3a8a3","","Pending",""
"17e70818-58a1-4ff0-a8ac-459210c0f9c4","ملتقي الحلويات","ddbc4a07-2869-4650-b242-ec23e48a009c","ملتقي الحلويات","Medium",1,64.00,"98fd2b05-798c-4d55-8ebc-4567f7901a05","","Pending",""
"7f182613-dd8f-4b93-9ca8-b68e2eb532fd","حلويات الحمود","7f182613-dd8f-4b93-9ca8-b68e2eb532fd","حلويات الحمود","Medium",1,14.35,"eea3d0bc-e7ae-4309-b399-bb47d75cb154","25210107127","Pending",""
"7c56770c-c282-415d-8ed6-6ea84b3c4831","حلويات الحمود","7f182613-dd8f-4b93-9ca8-b68e2eb532fd","حلويات الحمود","Medium",1,14.35,"d30ad87c-bd88-42d9-9166-4f0c09f657a5","25210107127","Pending",""
"400f4501-af2d-4ae3-915a-3414373be2c2","شركة العوبنانى للتجارة","400f4501-af2d-4ae3-915a-3414373be2c2","شركة العوبنانى للتجارة","Medium",1,80.00,"2a1ebe3e-b5f4-4ac7-9b0b-b3a126aa3d78","25500535883","Pending",""
"759da56e-a386-42e5-9a35-3860d8cea812","شركة العوبنانى للتجارة","400f4501-af2d-4ae3-915a-3414373be2c2","شركة العوبنانى للتجارة","Medium",1,80.00,"f6f5b2f4-86c0-4cf9-8703-a3180fdc0432","25500535883","Pending",""
"63048ec0-2b11-45de-a76f-0238ab915449","SWEET MIX","63048ec0-2b11-45de-a76f-0238ab915449","SWEET MIX","Medium",1,800.00,"1b6688e1-14cd-4ad6-a381-4485079d8450","5324","Pending",""
"ab8e4a4d-d937-4920-b609-bb90d9dd7226","SWEET MIX","63048ec0-2b11-45de-a76f-0238ab915449","SWEET MIX","Medium",1,800.00,"538b0826-712d-4008-8d29-428c6752ee41","5324","Pending",""
"4174a25f-b1c6-4faf-9c1e-f03486cf25ec","JAHAZ APP","4174a25f-b1c6-4faf-9c1e-f03486cf25ec","JAHAZ APP","Medium",1,209.00,"99ac5422-db73-4725-8938-15b5af55f22a","","Pending",""
"b6a37353-7825-415e-82fb-3a248524346a","JAHAZ APP","4174a25f-b1c6-4faf-9c1e-f03486cf25ec","JAHAZ APP","Medium",1,209.00,"98928af8-8ee6-479c-82c3-1b5f1cbe10bb","","Pending",""
"1884eccd-74c1-4d1b-8a61-aaab032d36c4","مركز سلامة للمركبات","1884eccd-74c1-4d1b-8a61-aaab032d36c4","مركز سلامة للمركبات","Medium",1,100.00,"97dc41c9-7a48-4c3b-8f0b-0b3a4e71e1bc","","Pending",""
"f1945cc3-be41-46df-8096-5dacfa5537f8","مركز سلامة للمركبات","1884eccd-74c1-4d1b-8a61-aaab032d36c4","مركز سلامة للمركبات","Medium",1,100.00,"7dcf3089-2fd5-4384-9a97-06b8fdf68782","","Pending",""
"bfaee12e-781a-4308-a996-f6a8b4e03084","مؤسسة نقل العفش البري","bfaee12e-781a-4308-a996-f6a8b4e03084","مؤسسة نقل العفش البري","Medium",1,300.00,"1e3c6260-cc26-4d28-9593-7c6cde7125c8","","Pending",""
"3c85e316-ad12-44cf-aca9-4c88d708077e","مؤسسة نقل العفش البري","bfaee12e-781a-4308-a996-f6a8b4e03084","مؤسسة نقل العفش البري","Medium",1,300.00,"529a41f0-65d0-48c6-8f31-61f23b75a7c5","","Pending",""
"6c38b850-8629-40c6-83f3-518c64cd9691","foodics","6c38b850-8629-40c6-83f3-518c64cd9691","foodics","Medium",3,8983.00,"b2bfc763-37d3-47b4-ae14-74c79cc0fa01;99542fa7-a099-43f6-8bea-015efa88cca5","foodics;162602","Pending",""
"2bd4ce2c-36a1-493e-84d7-22393a720c8a","foodics","6c38b850-8629-40c6-83f3-518c64cd9691","foodics","Medium",3,8983.00,"56f059cd-de91-4523-9d53-bf71cd4466bc;66904ad6-7868-4fcc-b46a-303f3168f2fc","foodics;162602","Pending",""
"fd1d317b-7d9b-4cef-b54f-0e95878fe423","صفقات","fd1d317b-7d9b-4cef-b54f-0e95878fe423","صفقات","Medium",1,3063.48,"41f726da-a57b-41c4-832e-694bcfa516f6","","Pending",""
"8453bbdd-89ec-4794-9434-597ed6485e0d","صفقات","fd1d317b-7d9b-4cef-b54f-0e95878fe423","صفقات","Medium",1,3063.48,"fa544376-a898-4b78-90e8-4f3f95ac6b0b","","Pending",""
"0677dae8-5f73-45a9-aa78-be88a7bded66","مؤسسة الجريسي للمقاولات","0677dae8-5f73-45a9-aa78-be88a7bded66","مؤسسة الجريسي للمقاولات","Medium",1,61.00,"bbf539cd-cb03-4db4-b8f8-75ba0de33933","25175","Pending",""
"9893e3b1-7267-465e-960d-7276c1d630fb","مؤسسة الجريسي للمقاولات","0677dae8-5f73-45a9-aa78-be88a7bded66","مؤسسة الجريسي للمقاولات","Medium",1,61.00,"e82a7967-b3dc-409c-bb1d-a1fb09243fb3","25175","Pending",""
"8128abe4-c59b-4d56-9618-b0241441e2cc","private food","8128abe4-c59b-4d56-9618-b0241441e2cc","private food","Medium",1,260.00,"894a9969-9256-4cb5-9673-379c820f2ab4","202215725600434","Pending",""
"ed7a940d-3f4a-4b20-bc50-b2a870631832","private food","8128abe4-c59b-4d56-9618-b0241441e2cc","private food","Medium",1,260.00,"5dfccc1d-ba16-4c94-b66d-56021afbf92a","202215725600434","Pending",""
"d1b494ca-0339-4292-8b95-a257dcdd8ab4","شركة افكاركم الامحدودة للطباعة","d1b494ca-0339-4292-8b95-a257dcdd8ab4","شركة افكاركم الامحدودة للطباعة","Medium",1,18750.00,"f654a0dc-d3f9-4d2c-8af0-9079701c0490","85","Pending",""
"d0763703-ff6d-470b-a1ac-a5e76e2703f3","شركة افكاركم الامحدودة للطباعة","d1b494ca-0339-4292-8b95-a257dcdd8ab4","شركة افكاركم الامحدودة للطباعة","Medium",1,18750.00,"4ba18352-105a-40b3-ba80-706c4b42bb02","85","Pending",""
"cae6c1d5-82a9-4320-b511-da4e8976620d","ALNUMUW","cae6c1d5-82a9-4320-b511-da4e8976620d","ALNUMUW","Medium",1,10000.00,"75881871-38fd-4ee5-ba24-8f5127beeb4f","","Pending",""
"7ffface4-758b-446e-acbe-53fb0e57f8ae","ALNUMUW","cae6c1d5-82a9-4320-b511-da4e8976620d","ALNUMUW","Medium",1,10000.00,"36b8397f-ae43-4e28-a18d-877eddb5dce0","","Pending",""
"12d86445-9838-4cc1-8086-8b8e2ea6f999","SAADEDDIN","12d86445-9838-4cc1-8086-8b8e2ea6f999","SAADEDDIN","Medium",1,120.00,"2a49c896-5d6a-402c-847b-b14a013f210d","105","Pending",""
"05b84391-4ef6-4be0-8814-ddfad3e71fa7","SAADEDDIN","12d86445-9838-4cc1-8086-8b8e2ea6f999","SAADEDDIN","Medium",1,120.00,"a53fc254-6aa0-4ed7-88b0-1fab3d2f0b5d","105","Pending",""
"5046e97c-9b38-4fa7-b223-062f92c8068b","HARRY POTER","5046e97c-9b38-4fa7-b223-062f92c8068b","HARRY POTER","High",28,97084.70,"b24c8c0a-c6bf-446b-bffe-fb37279d8670;e0cbb450-81d0-4f47-846f-02d9b1a6ddcd","","Pending",""
"32ebdc2d-37ca-45f3-a4bd-ec5a3ae452a5","JAHAZ","32ebdc2d-37ca-45f3-a4bd-ec5a3ae452a5","JAHAZ","High",75,28686.96,"4387dbd6-a0c8-41dd-9d6f-66bf0ba2904b;7f28ee15-77a6-4e1b-b4ab-adcd8bc4e974","","Pending",""
"3981f144-d71b-4a1f-b368-2e91fd43acb5","BLOSS","3981f144-d71b-4a1f-b368-2e91fd43acb5","BLOSS","High",49,9839.41,"cc65e65d-5d7c-47df-b3d9-fcc93ac87240;0eb352ac-ad60-41b1-94aa-c9e361184377","","Pending",""
"dbd5b4b1-67ea-4919-b8f2-f6113c485bec","FLOWERD","dbd5b4b1-67ea-4919-b8f2-f6113c485bec","FLOWERD","High",90,386682.98,"3cc2cf70-f38f-4759-b6f0-8039fa16ad4a;105896c7-d2fe-49fe-a954-a30f97803459","","Pending",""
"4a94b53f-fb52-482c-a939-16112fd88f98","HS","4a94b53f-fb52-482c-a939-16112fd88f98","HS","High",44,16400.00,"ac69b91f-7345-4fd8-ad79-303e8316bf62;adce7cfe-c78a-4f7c-965c-caabe7ce4c7b","","Pending",""
"222de1ca-dff5-4e2a-b732-b9f2c934f5d7","THE CHEFZ","222de1ca-dff5-4e2a-b732-b9f2c934f5d7","THE CHEFZ","High",86,54350.43,"b1f5be8d-8230-4517-9d1c-fdf7c5a11c23;09fb2605-62ed-421e-b116-c52f12472e8a","","Pending",""
"2517a902-b5ac-45cf-956d-2e7a0bc7f476","Mada","2517a902-b5ac-45cf-956d-2e7a0bc7f476","Mada","Medium",1,117.39,"9749fb55-9d61-499e-b5da-210da66fc245","","Pending",""
"d9a0117d-285d-4371-a2af-39cb0d83ed79","MADA","2517a902-b5ac-45cf-956d-2e7a0bc7f476","Mada","Medium",40,8797.17,"dd746d74-f85b-4610-98a9-f28e8f6ffefa;4a0f83f4-3878-4f5b-a437-5b0e6ecfb1a4","","Pending",""
"e01bd367-e53c-415d-b059-e3a46c00ddfd","VISA","e01bd367-e53c-415d-b059-e3a46c00ddfd","VISA","High",20,2299.13,"8a0a296f-48bd-46cb-912a-20df62118a1d;6357a66d-1690-4a49-a700-f2778de2515c","","Pending",""
"64b6f869-3c80-4e95-9d7e-1688aa60b127","T0YOU","64b6f869-3c80-4e95-9d7e-1688aa60b127","T0YOU","High",1,108.70,"4c2565b1-edf3-4a71-bee5-d489870d2b4c","","Pending",""
"937df5d7-c087-48aa-b928-ae927d87595b","MASTERCARD","937df5d7-c087-48aa-b928-ae927d87595b","MASTERCARD","High",4,647.83,"1e946f8a-019c-4302-85bd-430e279c87d0;d69ba034-237f-448d-80b0-902e86fc0140","","Pending",""
"3ff355e4-0c36-44c8-b5a7-675e1a84af0e","THE X","3ff355e4-0c36-44c8-b5a7-675e1a84af0e","THE X","High",1,438.00,"61daf4a5-ba8e-4e74-beee-a69d930c4887","","Pending",""
"4bae088b-ae7c-4186-8078-221d7cccf9f3","TOYOU","4bae088b-ae7c-4186-8078-221d7cccf9f3","TOYOU","High",5,960.87,"f5e55c4e-929d-4e7c-8713-02356bbefb14;a837fc1e-19ef-4232-9b04-70d8d084bf9e","","Pending",""
"de72aaed-6c48-4038-ab59-64f6a1a8c2e8","BANK TRANSFER","de72aaed-6c48-4038-ab59-64f6a1a8c2e8","BANK TRANSFER","High",3,3156.52,"2b8fd2c5-92a8-41f8-a4d2-10cc90ce2bed;4864619a-20e1-49c4-8980-ebe9b978f5da","","Pending",""
"3b58653a-0240-4904-a007-7f66ed1e10c1","NOON","3b58653a-0240-4904-a007-7f66ed1e10c1","NOON","High",1,113.04,"0c18d76d-60b4-433c-91b6-6a037bcae1f3","","Pending",""
"7cad404c-fd1d-4d1c-903b-0a3cbca53890","KEETA","7cad404c-fd1d-4d1c-903b-0a3cbca53890","KEETA","High",1,156.52,"a81c7cf2-52fd-4480-9879-5f08827ab74a","","Pending",""
